treat,role,male,live_far,quit
1,1,1,0,0
1,1,1,1,0
0,0,1,0,0
0,0,1,1,0
0,0,1,0,0
1,0,0,0,0
1,1,1,0,0
0,0,1,0,0
1,1,1,0,0
1,1,1,1,0
1,1,0,1,0
1,1,0,1,0
0,0,1,1,0
1,0,1,1,0
0,0,1,1,0
1,0,1,1,0
1,0,1,0,0
0,0,1,0,0
1,1,0,1,0
1,1,0,1,0
0,0,0,1,0
0,1,1,0,0
1,0,0,1,0
1,0,0,1,0
0,1,1,0,0
1,0,1,1,0
1,0,1,0,0
0,1,1,0,0
0,0,1,0,1
1,1,1,1,0
1,0,1,1,0
1,1,1,0,0
0,0,1,0,0
1,0,1,0,0
0,0,0,1,0
0,1,1,0,0
0,1,1,0,0
1,0,0,0,0
1,1,1,0,0
1,0,1,0,0
0,0,1,1,0
1,1,1,0,0
0,0,1,1,0
1,1,0,0,0
1,0,1,1,0
0,1,0,1,0
0,0,1,0,0
0,0,1,0,0
1,0,1,1,0
1,0,1,0,0
0,0,1,0,0
1,0,1,1,0
0,0,0,0,0
1,0,1,0,0
0,1,1,0,0
0,1,1,0,0
0,0,0,1,0
0,0,0,1,0
1,0,0,1,0
0,0,0,1,0
0,0,0,1,0
1,0,1,0,0
0,0,1,1,0
0,0,1,0,0
0,0,1,1,1
1,0,0,0,0
1,0,1,0,0
0,0,1,1,0
0,1,1,0,0
1,0,1,0,0
0,1,1,0,0
1,0,0,0,0
1,0,1,0,0
0,0,1,1,0
0,1,1,1,0
0,1,1,1,0
1,1,1,1,0
0,1,1,1,0
1,0,1,1,0
0,0,0,0,0
1,0,0,0,0
0,0,1,0,0
1,1,1,1,0
1,0,1,1,0
0,1,1,0,0
0,0,1,0,0
0,0,1,1,0
0,0,0,0,1
0,0,1,0,0
0,0,1,0,0
1,0,1,0,0
1,0,0,1,0
1,0,1,0,0
0,1,0,0,0
0,0,0,0,0
1,0,0,0,0
0,1,0,1,0
1,0,0,1,0
1,0,0,1,0
0,1,0,1,0
0,0,0,0,0
0,0,1,0,0
1,0,0,1,0
0,0,1,0,0
0,0,0,1,0
0,0,0,1,0
1,0,0,1,0
1,0,1,1,0
0,0,1,1,0
0,1,1,0,0
1,1,1,1,0
1,0,0,1,0
1,0,0,0,0
0,0,0,1,0
1,0,1,0,0
1,0,1,1,0
0,1,1,0,0
1,0,0,1,0
1,1,1,0,1
0,0,1,1,0
0,0,0,1,0
0,0,1,0,0
0,0,1,1,0
0,0,1,0,0
1,0,1,0,0
1,0,0,0,0
0,1,1,1,0
0,0,0,1,0
0,1,1,0,0
1,0,1,,0
0,0,1,1,0
1,0,1,1,0
0,0,1,0,0
0,0,1,0,0
1,0,1,1,0
1,0,0,0,0
1,0,0,0,0
0,0,1,1,0
1,1,0,0,0
1,1,1,1,0
1,1,1,0,0
0,0,1,0,0
0,0,1,0,0
0,0,1,0,0
0,0,1,0,0
1,0,1,1,0
1,1,1,1,0
1,0,1,0,0
1,0,0,0,0
0,0,1,0,0
0,0,1,1,0
0,0,1,,0
0,0,1,1,0
0,0,1,1,0
1,0,1,0,0
1,0,1,1,0
1,0,0,0,0
0,0,1,1,0
0,0,1,0,1
0,0,1,1,0
0,0,0,0,0
1,0,1,0,0
1,0,0,1,0
0,0,1,1,0
0,0,0,0,0
1,0,1,1,0
0,0,0,0,0
1,0,1,1,0
1,0,1,,0
0,0,0,1,1
0,0,1,0,0
1,0,1,,0
0,0,1,0,0
1,1,0,1,0
1,0,1,1,0
1,0,0,0,0
1,0,1,0,0
1,0,0,1,0
0,0,1,1,0
1,0,1,0,0
1,0,0,0,0
0,0,1,,0
1,0,1,0,0
0,1,1,0,0
1,0,1,0,1
0,0,1,0,0
1,0,0,0,0
1,0,0,0,0
1,0,1,,1
1,0,1,0,0
0,0,1,0,0
0,1,1,1,0
0,0,0,0,1
0,0,1,,0
0,0,1,1,0
0,0,1,,0
1,0,1,1,0
0,0,1,1,0
1,0,0,0,0
1,0,0,1,0
0,0,1,0,0
0,0,1,0,0
1,0,1,,0
1,1,1,1,0
0,0,0,1,0
1,0,1,0,0
0,0,1,1,0
0,0,0,,0
1,0,1,0,0
1,0,1,0,0
1,1,1,1,0
0,0,0,1,0
0,0,0,0,0
0,1,1,1,0
1,1,1,1,0
0,0,1,1,1
1,0,1,1,0
0,0,1,0,0
1,1,0,1,0
1,0,1,1,0
0,1,1,0,0
0,1,1,0,0
0,0,1,0,0
0,0,1,0,0
0,1,0,1,0
0,0,0,1,0
1,1,1,,0
1,0,1,1,0
0,0,1,1,0
0,0,0,1,0
1,0,1,1,0
0,1,1,1,0
0,0,0,0,0
0,0,1,1,0
1,0,0,1,0
1,0,1,1,0
1,0,1,1,0
0,1,1,,0
0,0,1,0,0
0,0,0,0,0
1,0,1,0,0
0,0,1,1,0
0,1,0,0,0
0,0,1,1,0
0,0,1,0,0
0,1,1,0,0
1,0,0,0,0
1,0,1,0,0
0,0,1,1,1
0,0,1,1,0
1,0,1,0,0
0,0,1,0,0
1,0,1,0,0
1,0,1,1,0
1,0,1,1,0
1,0,1,0,0
1,1,1,0,0
0,0,1,1,1
1,0,1,0,0
0,0,1,0,0
1,1,1,,0
0,0,1,0,0
1,1,1,,0
0,1,0,,0
0,1,1,,0
0,1,0,,0
1,1,1,,0
1,0,1,,0
1,0,1,,0
0,1,1,1,0
0,1,0,1,0
1,1,1,,0
0,1,0,1,0
1,1,0,,0
1,1,0,1,0
1,0,1,,0
0,1,0,,0
0,1,0,,0
0,1,0,1,0
1,0,0,,0
0,0,1,0,0
1,0,1,,0
0,0,0,,0
0,0,1,,0
0,0,0,,0
0,0,1,1,1
0,1,1,,0
0,1,0,,0
1,0,0,,0
1,0,1,,0
1,0,0,,0
0,1,0,0,0
1,0,1,,0
0,0,0,,0
1,0,1,,1
0,1,1,0,0
0,0,0,,0
0,0,1,1,0
0,1,1,,0
0,0,1,,0
0,0,1,0,0
1,0,1,1,0
1,0,0,1,0
1,0,1,,0
0,0,1,0,0
0,1,0,0,0
1,0,0,,0
0,1,1,,0
1,0,1,1,0
1,0,0,0,0
0,1,1,,0
1,1,1,0,0
0,1,1,,0
1,0,0,,0
0,0,1,,0
1,1,1,1,0
0,1,1,0,0
0,0,1,,0
0,1,1,,0
0,1,0,,0
1,0,0,1,0
1,0,1,,0
0,1,1,0,0
0,0,0,,0
0,1,0,0,0
1,0,1,,0
0,0,1,,0
0,0,0,,0
1,1,1,1,0
0,0,1,1,0
1,1,0,,0
1,0,1,1,0
0,0,1,,0
1,0,1,,0
0,0,1,0,0
0,0,1,,0
1,0,0,0,0
1,1,1,,0
1,1,1,0,0
1,1,1,0,0
0,1,1,,0
1,0,0,,0
1,0,1,0,0
1,1,1,0,0
0,0,1,,0
1,0,1,0,0
1,0,1,,0
1,0,0,,1
0,1,1,0,0
0,1,1,0,0
0,1,1,0,0
0,0,1,0,0
0,0,1,0,0
1,0,1,,0
0,0,1,,1
0,1,1,,0
1,1,0,0,0
1,0,1,,0
0,0,1,0,0
0,0,0,0,0
0,0,1,1,1
0,0,1,1,0
0,0,1,0,0
0,0,0,0,0
1,0,0,0,0
1,1,1,,0
1,0,1,,0
0,1,1,,0
1,0,1,,0
0,0,1,,0
1,0,1,,0
1,1,1,1,0
1,1,0,1,0
1,0,0,1,0
0,0,1,,0
0,1,1,,0
1,1,1,0,0
0,0,1,,0
1,1,1,,0
0,0,1,1,0
0,0,1,,0
0,1,0,,0
1,0,1,,0
0,1,1,1,0
0,1,1,1,0
1,0,1,,0
1,0,0,,0
0,0,0,0,0
1,0,1,,0
1,0,1,,0
1,0,0,,0
0,0,0,,0
1,0,1,1,0
0,0,1,1,0
1,0,1,0,1
0,0,1,1,0
1,1,1,,0
0,0,0,0,0
1,0,1,,0
0,0,1,,0
0,1,1,,0
0,1,1,0,0
1,0,1,1,0
1,0,1,,0
1,0,0,1,0
0,0,0,0,0
0,0,1,,0
0,0,1,,0
1,0,1,,0
1,0,1,1,0
0,0,1,,0
1,1,1,1,0
0,0,1,,0
0,0,1,,0
1,1,1,0,0
1,0,1,1,0
1,1,1,0,0
0,0,0,,0
0,1,1,,0
0,0,0,1,0
0,0,1,1,0
1,0,1,,0
1,0,1,,0
0,1,1,0,0
0,0,0,,1
0,0,1,0,0
0,0,0,1,0
0,1,0,0,0
1,0,1,1,0
0,0,0,,0
1,1,1,,0
0,1,1,0,0
0,1,0,,0
1,0,0,,0
0,0,1,1,0
1,1,1,,0
0,0,0,,0
1,0,0,0,0
1,0,0,,0
0,0,1,,1
1,0,1,,0
0,0,1,,0
0,0,1,,0
1,0,1,,0
0,0,0,,0
0,0,1,,0
0,0,1,,0
1,0,1,1,0
1,0,1,0,0
0,0,1,0,0
1,0,1,0,0
0,1,1,0,0
1,0,0,,0
0,1,0,,1
1,1,1,0,0
0,1,1,,0
1,0,1,,0
1,0,1,,0
1,1,1,,0
0,0,0,1,0
1,1,1,,0
0,0,0,,0
0,1,0,,0
0,0,1,,0
0,1,1,,0
0,0,1,,0
1,0,0,,0
0,1,0,,0
0,0,1,,0
1,0,1,,0
0,0,0,1,0
0,0,1,0,0
1,0,1,0,0
0,0,1,0,0
1,0,1,,0
0,1,1,,0
0,0,1,,0
1,0,0,,0
1,1,1,0,0
0,1,0,0,0
1,0,1,,0
0,0,0,1,0
0,0,0,,1
1,0,0,,0
1,0,0,1,0
0,1,1,,0
0,0,1,,0
1,0,1,,0
1,0,1,1,0
1,0,0,0,0
1,0,1,1,0
1,0,0,1,0
1,0,1,,0
1,0,1,1,0
0,0,1,0,0
0,0,1,1,0
0,0,1,1,0
0,0,1,1,0
1,0,1,0,0
1,0,1,,1
0,0,1,,0
0,0,0,,0
1,0,0,1,0
0,0,0,0,0
0,0,1,1,0
1,1,0,0,0
1,0,0,,1
0,0,0,0,0
1,0,0,,0
1,0,1,,0
0,0,1,,0
1,1,1,1,0
1,1,1,,0
1,0,1,0,0
1,0,1,0,0
1,1,1,0,0
0,0,0,1,0
0,0,1,0,0
1,0,1,0,0
0,1,1,,0
0,0,1,0,0
1,0,0,0,0
0,0,1,1,0
1,0,1,,0
1,0,1,1,0
1,0,0,,1
0,1,1,0,0
1,0,0,1,0
1,0,1,0,0
0,0,1,,0
1,0,1,,0
1,0,1,1,0
1,0,0,,1
0,0,1,0,0
0,0,1,0,0
1,0,0,1,0
0,0,1,,0
0,0,1,,0
1,0,1,1,1
1,0,0,,0
1,1,0,,0
1,0,1,1,0
0,1,0,0,0
0,1,0,,0
0,1,0,,0
1,0,0,,0
0,0,0,,0
0,1,0,1,0
0,1,0,,0
1,1,0,,0
1,0,1,,0
1,1,0,,0
1,1,1,1,0
1,0,0,0,0
0,0,0,,0
0,0,0,0,0
1,0,0,1,0
1,0,1,,0
0,1,0,,0
0,0,1,,0
1,0,0,1,0
0,0,0,1,0
1,1,1,1,0
0,0,0,,0
1,0,1,,0
0,1,0,,0
0,1,1,,0
0,0,0,1,0
1,0,1,,0
1,1,1,1,0
1,0,0,0,0
0,0,1,1,1
0,0,1,,0
1,1,0,,0
1,0,0,1,0
0,1,1,,0
0,1,0,,0
0,0,1,,0
1,1,0,,0
1,0,1,,0
0,0,1,0,0
0,0,1,,0
0,0,1,,0
1,0,1,1,0
1,0,0,,0
1,0,1,,0
1,0,1,,0
0,0,0,,0
0,1,1,,0
1,0,0,1,0
1,1,1,,0
1,0,0,,0
1,1,0,1,0
0,0,1,,0
0,0,1,0,0
0,0,1,,0
1,0,1,0,0
0,0,0,,0
0,0,1,,0
1,0,0,0,0
0,1,1,1,1
0,1,1,,0
1,0,0,,0
1,0,0,1,0
0,0,1,0,0
0,0,0,,0
0,1,1,0,0
1,0,1,0,0
1,1,1,1,0
0,0,0,1,0
0,1,1,,0
1,1,1,,0
1,0,1,,0
0,1,1,,0
0,0,1,0,1
1,0,1,1,0
0,0,1,,0
0,0,1,1,0
0,0,0,1,0
1,0,1,1,0
0,0,0,,1
1,0,0,,0
1,0,0,,0
1,0,1,,0
1,1,0,1,0
1,0,0,,0
0,0,0,1,0
0,0,1,,0
0,0,1,,0
1,1,1,1,0
0,0,1,,0
0,0,1,,0
0,1,1,0,0
1,0,0,0,0
1,0,0,0,0
0,0,0,,0
0,1,1,0,0
1,0,1,0,0
0,1,1,,0
1,1,1,,0
1,0,1,1,0
1,1,1,,0
0,0,1,,0
0,1,1,0,0
1,0,0,1,0
0,1,1,,0
1,1,1,0,0
0,1,1,,0
1,0,1,,0
1,0,0,,0
0,0,1,,1
1,1,1,1,0
0,1,0,,0
1,1,1,,1
0,1,1,,0
0,0,1,0,0
0,0,1,,0
1,0,1,,0
0,1,1,1,0
0,0,1,1,0
1,1,1,,0
1,0,1,,0
0,0,1,,0
0,1,1,1,0
1,0,0,,0
1,1,1,1,0
1,1,0,1,0
0,1,1,,0
0,1,1,,0
0,0,0,,0
1,1,0,,0
1,0,1,1,0
1,1,1,,0
0,1,1,1,0
0,0,1,1,0
1,1,1,0,0
1,1,1,1,0
0,1,1,,0
0,0,1,1,0
1,0,1,1,0
0,0,1,,0
0,1,0,0,0
0,0,1,1,1
0,0,1,,0
0,0,1,,0
0,0,0,,1
0,0,0,,0
1,0,0,0,0
0,1,0,,0
1,1,0,1,0
0,1,1,,0
0,0,1,0,0
1,0,0,,0
1,0,1,,0
1,0,1,,1
0,0,1,1,0
1,0,1,,1
0,0,0,1,0
1,0,1,0,1
0,0,1,,1
1,1,1,1,0
0,0,0,,0
1,0,0,0,1
0,1,0,0,0
1,0,1,,0
1,0,0,0,0
1,0,1,,0
0,0,1,,1
1,0,1,,0
1,0,1,1,0
1,0,1,,1
1,0,1,0,0
1,0,1,,1
1,0,1,,0
0,0,1,0,1
0,0,0,,0
0,0,1,,0
0,0,0,,0
1,0,1,0,0
1,0,1,,0
0,0,1,1,0
1,0,0,,0
1,0,1,,0
1,0,0,,0
0,1,1,0,0
1,0,1,,0
1,0,1,1,0
0,1,1,1,0
0,0,0,,0
0,0,0,,0
1,0,1,,1
1,1,0,,0
0,0,1,,0
0,0,1,1,0
1,0,1,,0
1,0,1,,0
1,0,1,0,0
1,0,1,,0
1,0,1,,0
1,0,0,,0
1,0,1,,0
0,0,1,0,0
0,0,1,,0
0,1,1,0,0
0,0,1,0,0
1,0,0,,0
1,0,1,,0
0,0,1,1,0
0,0,0,,0
0,0,0,,0
0,0,1,,0
0,0,1,,0
1,0,1,,0
0,0,1,1,0
0,0,0,,1
1,0,0,0,0
0,0,1,,0
0,0,0,,0
0,0,1,0,0
0,0,1,0,0
0,0,1,,0
1,1,1,,0
0,1,1,,0
1,0,0,1,1
0,0,1,1,0
0,0,1,,0
1,1,0,1,0
1,0,1,,0
0,0,0,0,0
0,0,1,0,0
0,0,1,,0
1,0,1,,0
0,0,0,0,0
1,0,1,,0
0,0,0,0,0
1,0,1,,0
1,1,1,,0
1,0,0,,0
0,0,1,,0
0,0,1,,0
0,0,1,,0
0,0,1,,0
1,0,0,0,0
1,0,0,,0
0,0,0,0,0
0,1,0,,1
0,1,1,,1
1,0,1,,0
0,0,0,,0
0,0,1,,0
1,0,0,1,0
0,0,1,0,0
1,1,1,0,0
0,0,0,0,0
0,0,0,0,0
1,0,0,0,0
0,0,1,1,0
0,0,1,1,0
0,0,1,1,0
1,0,0,1,0
0,0,1,1,0
1,1,0,1,0
1,0,1,0,0
1,0,0,0,0
1,0,1,1,0
1,0,0,1,0
1,1,1,0,0
0,0,1,0,0
1,0,0,0,0
1,1,0,0,0
0,0,0,1,0
1,1,1,1,0
1,1,0,0,0
0,0,1,0,1
0,0,1,0,0
1,0,0,1,0
0,0,1,0,0
0,0,1,0,1
0,0,1,1,0
0,0,0,1,0
0,0,0,1,0
0,0,1,1,0
1,0,0,1,0
0,0,1,1,0
0,0,0,0,1
1,0,1,1,0
1,1,1,1,0
0,0,0,1,0
1,0,1,1,0
0,0,0,0,0
0,0,1,,0
1,0,0,1,0
0,1,1,1,0
0,0,1,1,0
0,0,1,,0
0,0,1,,0
0,1,0,0,0
1,0,1,0,0
0,1,0,1,0
0,1,1,0,0
1,0,1,1,0
0,1,1,0,0
1,0,0,0,0
1,1,1,1,0
0,0,1,1,0
0,0,0,0,0
1,1,1,0,0
1,0,1,0,0
0,0,0,0,0
0,0,0,1,0
1,0,0,1,0
0,0,0,1,0
0,0,0,1,0
0,0,1,1,0
1,0,0,1,0
1,0,0,0,0
0,1,1,1,0
0,0,1,1,0
0,0,1,0,0
1,0,1,1,1
1,1,1,0,0
1,0,0,0,0
0,0,1,1,0
0,1,1,1,0
1,0,1,,0
0,0,1,1,0
1,0,0,1,0
0,0,0,1,0
0,1,0,0,0
0,0,1,1,0
1,0,1,1,0
0,0,0,0,1
1,1,1,0,0
1,0,1,0,0
1,1,1,0,0
0,1,1,1,0
0,0,1,0,0
1,0,0,0,0
0,0,1,0,0
0,0,0,1,1
1,0,1,0,0
0,0,1,0,1
1,0,1,0,0
0,0,1,1,0
1,0,0,1,0
0,0,0,1,0
1,1,1,1,0
0,0,1,0,0
1,0,1,1,0
1,0,0,0,0
0,0,1,,0
1,1,1,0,0
1,0,1,1,0
1,1,1,0,0
0,0,1,0,0
1,1,1,0,0
1,1,1,1,1
1,1,1,0,0
1,0,1,0,0
0,0,1,1,0
1,0,1,0,0
1,0,1,1,0
1,0,0,0,0
0,0,0,0,0
0,1,1,0,0
0,0,1,1,0
0,0,1,1,0
1,0,0,0,0
1,0,0,0,0
1,1,1,0,0
0,1,0,,0
0,0,0,0,0
0,0,0,,0
0,0,1,1,0
1,1,0,0,0
1,0,1,1,0
0,0,1,1,0
0,0,1,1,0
1,1,0,1,0
0,0,1,0,0
1,0,1,0,0
0,0,1,0,0
0,0,0,,1
0,1,1,0,0
1,0,0,0,0
1,0,1,1,0
1,0,0,1,1
0,1,0,1,0
0,0,1,1,1
1,1,1,1,0
1,0,1,1,0
0,0,1,0,1
1,1,1,1,0
0,0,1,0,0
0,0,0,1,0
1,0,0,0,0
1,0,0,1,0
0,0,1,1,0
0,0,0,0,0
1,0,0,0,0
0,0,1,1,0
1,1,0,0,0
1,0,1,1,0
1,0,1,1,0
1,0,0,0,0
1,0,0,0,0
0,0,0,1,0
0,0,1,1,0
0,0,1,1,0
0,0,1,,0
0,0,0,0,0
1,0,1,1,0
1,1,0,1,0
0,0,1,0,0
1,0,1,0,1
1,1,0,1,0
0,0,1,0,0
0,0,1,1,0
0,0,1,1,0
1,0,1,1,0
0,0,1,0,0
0,1,1,0,0
1,0,1,1,0
0,0,1,1,0
1,0,1,1,0
1,1,0,0,1
1,0,0,,0
1,0,1,1,0
1,0,0,0,0
0,0,0,1,0
1,0,0,0,0
0,0,0,0,0
0,1,0,1,0
1,1,1,1,0
0,0,0,1,0
0,1,0,1,0
1,1,1,1,1
1,0,0,0,0
0,0,1,0,0
0,0,0,0,0
0,1,0,0,0
1,0,1,1,0
1,1,1,0,0
0,1,1,1,0
1,1,0,0,0
1,0,0,0,0
0,0,0,1,0
0,0,0,1,0
1,0,1,0,0
0,1,1,1,0
1,0,0,1,0
0,1,1,1,0
0,0,0,0,0
1,0,1,1,0
0,1,0,0,0
1,0,0,1,0
1,0,0,1,0
0,0,1,1,0
0,0,1,1,0
0,1,1,1,0
1,1,1,1,0
1,0,0,1,0
0,0,0,1,0
0,0,0,,0
1,0,1,1,0
1,0,1,,0
0,0,0,0,0
1,0,1,1,0
1,0,0,1,0
1,1,0,0,0
0,1,1,1,0
0,1,0,1,0
1,0,1,0,0
1,1,1,1,0
0,0,1,0,0
0,0,1,1,0
0,1,1,0,0
0,1,1,1,0
0,1,0,0,0
1,0,1,0,0
1,0,1,1,0
1,0,1,1,0
0,0,1,1,0
1,1,1,0,0
0,1,1,1,0
0,0,0,1,0
1,1,0,1,1
0,1,1,1,0
0,0,1,1,0
1,1,0,1,0
0,0,1,1,0
1,1,0,1,0
0,0,0,1,0
1,1,1,0,0
1,0,1,1,0
1,0,0,0,0
1,0,1,1,0
1,0,1,0,0
0,0,1,0,0
0,0,0,1,0
1,0,0,0,0
0,0,1,0,0
1,0,0,0,0
1,0,1,0,0
0,0,1,0,0
1,0,1,1,0
0,0,1,0,1
1,0,0,1,0
1,0,1,0,1
0,0,1,0,0
1,0,0,1,0
0,0,1,1,0
1,0,0,1,0
1,0,0,0,0
0,1,1,0,0
1,1,1,1,0
0,0,1,0,0
1,0,0,0,0
0,1,0,0,0
0,0,1,0,0
1,0,0,0,0
0,1,1,0,0
0,0,1,0,1
0,0,1,0,0
0,0,1,1,0
1,0,1,0,0
0,0,0,0,0
1,0,1,1,0
1,1,1,0,0
0,1,0,0,0
0,0,0,1,0
0,1,1,0,0
1,0,0,1,0
0,0,1,1,0
1,0,1,0,0
1,0,0,1,0
0,0,0,0,0
1,0,1,0,0
1,1,1,1,0
0,0,1,0,0
1,1,1,0,0
0,0,0,0,0
0,0,1,1,0
0,1,0,0,0
0,0,0,1,0
0,1,1,0,0
0,1,1,0,0
1,1,1,1,0
0,0,1,1,0
0,1,1,1,0
1,0,1,0,0
0,1,1,0,0
1,0,0,1,0
1,0,1,1,0
1,0,0,0,0
1,1,1,0,0
0,1,1,0,0
0,1,1,0,0
0,0,0,1,0
0,0,0,1,0
1,0,1,0,0
0,0,0,1,0
1,0,1,0,0
1,0,1,1,0
1,0,1,1,0
0,0,1,0,0
1,0,0,1,0
1,0,0,0,0
0,1,1,1,0
1,0,1,0,0
1,0,0,1,0
1,1,1,1,0
1,1,1,1,0
0,0,0,1,0
1,0,1,0,0
1,1,1,1,0
0,0,1,0,0
0,0,1,0,0
0,1,0,1,0
0,0,0,0,0
0,0,0,1,0
0,1,1,1,0
1,0,1,1,0
0,1,1,1,0
0,0,0,0,0
1,0,0,,0
0,1,1,1,0
0,0,1,1,0
1,0,1,0,0
1,1,1,0,0
0,0,0,0,0
0,0,0,0,0
1,0,1,0,0
0,0,0,1,0
0,0,1,0,0
1,0,1,1,0
1,1,0,,0
0,1,0,0,0
1,0,0,0,0
1,0,0,1,0
0,0,0,0,0
1,0,0,1,0
0,0,1,1,0
0,0,1,1,0
1,0,1,0,0
0,0,0,1,0
1,0,0,1,0
1,1,1,1,0
0,0,0,0,1
0,0,1,1,0
1,0,0,0,0
1,0,1,1,0
1,1,1,0,0
1,0,1,1,0
1,1,1,1,0
0,0,1,1,0
0,0,0,1,0
1,0,1,1,0
0,0,1,0,0
1,0,1,0,0
1,1,1,1,0
1,1,1,0,0
0,0,0,1,0
0,1,1,1,0
1,0,0,0,0
0,0,0,1,0
0,0,1,0,0
1,0,1,0,0
0,0,0,0,0
1,0,1,1,0
0,0,1,1,0
0,0,1,0,0
0,0,1,0,0
1,0,1,1,0
0,1,1,0,0
1,1,1,1,0
1,0,0,1,0
1,0,0,0,0
0,0,1,1,0
0,0,0,1,0
0,0,1,0,0
1,0,1,1,0
1,0,1,1,0
1,1,0,,0
1,0,1,1,0
1,0,0,,0
0,0,1,0,0
0,0,1,1,0
1,0,1,1,0
1,0,1,0,0
0,0,0,1,0
0,0,0,0,0
1,0,1,0,0
1,0,1,1,0
0,0,1,1,0
0,0,1,0,0
0,0,1,1,0
0,0,1,0,0
0,0,1,0,0
1,0,1,0,0
0,0,1,,0
1,1,0,0,0
0,0,0,0,0
1,0,1,1,0
0,0,1,0,0
0,0,0,0,0
1,0,0,0,0
1,0,1,0,0
1,1,1,0,0
1,0,1,0,1
1,0,1,,0
0,0,1,1,0
1,0,1,1,1
1,0,1,1,0
1,0,0,0,0
1,0,0,0,1
1,0,1,0,1
1,0,1,1,0
0,0,0,0,0
1,1,1,0,0
0,0,1,0,0
1,0,0,0,0
0,0,1,0,0
0,0,1,1,0
0,0,0,0,0
0,0,0,0,0
1,0,1,0,0
1,0,1,1,0
0,0,0,1,0
1,0,1,1,0
1,0,0,1,0
1,0,1,0,0
1,0,1,1,0
0,0,0,0,1
1,0,1,1,0
0,0,1,,0
0,0,0,0,0
1,0,1,1,0
0,0,0,0,0
0,0,1,0,0
0,1,1,1,0
1,0,1,1,0
0,0,0,1,1
0,0,0,0,0
1,1,1,1,0
0,0,0,0,0
1,0,0,0,0
0,0,1,1,0
1,0,0,0,0
0,0,1,1,0
0,0,1,0,0
1,0,1,1,0
1,0,1,0,1
1,0,1,0,0
0,0,1,0,1
0,0,1,0,0
1,0,1,0,0
1,0,1,0,0
1,0,1,0,0
0,0,1,0,0
0,0,0,0,0
1,0,1,,0
1,0,1,0,0
1,1,1,0,0
1,1,0,1,0
0,0,0,1,1
1,0,1,0,0
0,0,1,1,0
1,0,0,0,0
1,0,1,0,0
1,0,1,1,0
0,0,0,0,0
1,0,1,0,0
0,0,0,0,0
0,0,1,0,0
0,0,0,1,0
0,0,0,0,1
1,0,1,1,0
0,0,1,0,0
0,0,1,1,0
1,0,0,,0
0,0,0,1,1
1,0,1,0,0
1,0,1,1,0
0,0,1,0,0
1,0,0,,0
1,0,0,,0
1,0,1,1,0
1,0,0,0,0
1,1,1,1,0
0,0,0,,0
1,0,0,1,0
1,0,0,0,0
1,0,1,1,0
1,0,1,0,0
1,0,1,1,0
0,1,1,1,0
1,0,0,,0
1,0,1,1,0
1,0,0,0,0
1,0,1,1,0
1,0,0,1,0
1,0,0,1,0
0,1,0,0,0
1,0,1,0,0
1,0,0,,0
0,0,0,0,1
0,1,1,0,0
0,0,1,0,0
0,0,0,0,0
0,0,0,0,0
1,0,1,1,0
0,1,1,0,0
0,0,1,0,0
1,0,1,0,0
1,0,1,1,0
0,0,0,,0
1,0,1,0,0
0,1,1,0,0
0,0,1,0,0
1,0,1,,0
0,0,0,0,0
1,0,0,0,0
1,0,0,,0
1,0,0,1,0
0,0,1,1,0
1,0,1,1,0
0,0,0,0,0
1,0,0,0,0
1,0,0,0,0
1,0,0,0,0
1,0,0,0,0
0,1,1,,0
1,1,1,0,0
1,0,1,0,0
1,0,1,1,1
0,0,0,0,0
1,1,1,1,0
1,0,1,1,0
0,0,1,1,1
0,1,1,1,0
0,0,1,0,0
0,0,0,0,0
1,0,0,0,0
1,1,1,0,0
0,0,1,0,1
1,0,1,0,0
0,0,1,1,0
0,1,1,0,1
0,0,1,0,0
0,0,1,1,0
0,0,1,1,0
0,0,1,0,0
1,0,1,0,0
1,0,1,0,0
1,0,1,0,0
0,0,1,,0
1,1,1,1,0
1,0,0,0,0
1,0,1,1,0
1,0,0,1,0
1,0,0,0,0
1,0,1,1,0
0,0,1,1,0
0,0,1,1,0
1,0,1,1,0
0,0,0,1,0
0,0,1,0,0
1,0,1,0,1
1,0,1,0,0
0,0,1,0,0
1,1,1,0,0
1,0,0,0,0
0,0,0,0,0
0,0,1,0,0
0,0,1,0,0
1,0,0,1,0
1,0,1,0,0
1,0,1,1,0
0,0,0,1,0
0,0,1,,0
0,0,0,1,0
0,0,1,0,0
1,0,0,0,0
0,0,1,0,0
1,0,1,1,0
1,0,1,0,0
1,0,0,1,0
0,0,1,1,0
0,0,1,0,0
0,0,1,1,0
1,1,0,0,0
1,0,1,1,0
1,0,1,1,0
0,0,1,1,0
1,0,1,0,0
1,0,1,1,0
1,0,1,1,0
1,0,0,0,1
0,0,1,0,0
0,0,1,0,0
0,1,0,0,0
1,0,0,0,0
1,0,1,1,0
1,0,0,0,0
1,0,1,1,0
0,0,1,1,0
0,0,1,1,0
1,1,1,1,0
0,0,1,1,0
1,0,1,1,0
0,0,1,0,0
0,1,1,1,0
1,0,0,0,1
1,0,0,0,0
0,0,0,1,0
0,0,1,0,0
1,0,0,1,0
1,1,0,1,0
0,0,1,1,0
0,0,0,1,0
0,1,1,0,0
0,0,0,1,0
1,0,1,1,0
0,0,0,1,0
1,0,0,1,0
1,0,1,1,0
1,0,1,0,0
0,1,1,0,0
1,0,1,0,0
1,0,1,0,0
0,1,1,0,0
0,0,0,0,0
1,1,0,1,0
0,0,0,1,0
1,1,1,0,0
0,0,0,1,0
0,0,1,1,0
1,1,1,1,0
1,1,1,0,0
1,0,1,0,0
1,0,1,0,0
0,0,1,1,0
1,1,0,0,0
1,0,0,1,0
1,1,1,0,0
1,0,1,1,0
1,0,1,0,0
1,1,1,1,0
1,1,1,0,0
0,0,1,0,0
0,0,0,1,0
0,0,0,1,0
0,1,1,0,0
0,0,1,1,0
1,0,0,0,0
1,0,1,1,0
1,0,1,0,0
0,0,0,1,0
0,0,0,1,0
0,1,0,1,0
1,0,1,1,0
1,0,1,0,0
0,1,1,0,0
0,0,0,0,0
0,1,0,0,0
0,0,0,1,0
1,0,0,1,0
1,0,1,0,0
0,1,0,1,0
1,0,1,1,0
1,1,0,0,0
0,0,1,1,0
0,0,0,0,1
1,0,0,1,0
1,0,0,0,0
1,1,1,1,0
0,0,0,1,0
0,0,0,1,1
0,1,1,0,0
1,0,0,1,0
0,0,0,0,0
0,0,1,1,0
1,0,1,0,0
0,0,0,0,1
0,0,0,0,0
1,0,0,0,0
1,1,1,0,0
1,0,1,1,0
1,0,1,0,1
0,0,1,1,1
0,1,1,0,0
1,0,0,1,0
0,0,1,1,0
0,1,1,1,0
0,0,0,0,0
0,1,1,0,0
0,0,0,1,0
1,0,0,0,0
1,1,0,1,0
0,0,0,1,0
1,0,1,1,0
1,0,1,0,0
1,0,0,0,0
1,0,1,1,0
0,0,0,0,0
0,1,1,0,0
0,0,1,1,0
0,0,1,0,0
1,0,0,,0
0,0,0,1,0
1,0,0,0,0
0,0,0,1,0
1,0,1,1,0
0,1,1,1,0
1,1,0,1,0
0,0,1,0,0
0,0,1,1,0
1,1,0,1,0
0,0,0,1,0
1,0,1,0,0
1,1,1,0,0
1,1,1,0,0
1,1,1,0,0
1,1,1,1,0
1,0,0,0,0
1,0,1,0,0
1,0,0,0,0
0,0,0,1,0
0,0,1,0,0
0,0,1,0,0
1,0,1,0,0
0,0,1,0,0
0,0,1,0,0
0,0,1,0,0
0,0,0,0,0
1,1,1,1,0
1,0,1,,0
0,0,0,0,0
0,0,1,0,0
0,0,1,1,0
0,0,1,0,1
0,0,1,1,0
0,0,1,0,1
1,0,0,0,0
0,1,1,1,0
1,0,0,0,0
1,0,0,1,0
1,0,1,0,0
1,0,0,0,0
1,0,1,0,0
0,0,0,0,0
0,0,1,0,0
1,0,0,0,0
1,0,1,0,0
1,0,1,1,0
1,0,1,1,0
0,0,1,1,0
1,0,0,0,0
0,1,1,1,0
1,0,0,1,0
1,0,0,0,0
1,1,0,0,0
1,0,0,,0
1,0,1,1,0
0,0,0,,1
1,1,1,0,0
1,0,1,1,0
1,0,1,0,0
0,0,1,0,0
1,0,0,1,0
1,0,1,0,0
0,0,1,1,0
0,0,0,0,0
0,0,1,0,0
0,0,1,1,0
0,0,1,1,0
1,0,1,1,0
0,0,0,1,0
1,0,1,0,0
0,0,1,0,0
0,0,1,0,0
0,0,0,0,0
0,0,1,0,0
1,0,0,1,0
1,0,1,1,0
0,0,0,0,0
0,0,1,1,0
0,1,0,0,1
0,1,1,0,0
1,0,1,0,0
0,0,0,,0
0,0,0,0,0
0,0,1,0,0
1,0,0,1,0
1,1,0,1,0
1,1,1,1,0
0,0,0,1,0
0,0,1,1,0
0,0,1,0,0
0,0,1,0,0
0,0,1,1,0
0,0,1,1,0
1,1,1,0,0
0,1,1,1,0
1,0,1,0,0
0,1,1,0,0
0,0,0,1,0
1,0,0,1,0
1,0,0,,0
0,1,1,1,0
1,1,1,0,0
